"HolderAddress","Unique Tokens","Quantity","PendingBalanceUpdate"
"0x45c1fab28ad1393bdf34bf27f50d0cf70f09b271","6","6","No"
"0x99eb33756a2eaa32f5964a747722c4b59e6af351","5","5","No"
"0x42d2184dac8580e6224b361a36ca3a917f7ea67b","4","4","No"
"0x38148ecc2078da7f65e6233dda28efaf4c51e96f","4","4","No"
"0x78d58cc37cdaabfde72c9a45b57acbc3abc3d7c9","4","4","No"
"0x193f0ee42a199a0cecd479a9f09ba293eb1ca357","4","4","No"
"0x661f3573806009037796537e7e0825e242c5c8ed","4","4","No"
"0x00f928a6adc7c345ef919fe5a8be2458580ef9f6","4","4","No"
"0xf6bed2bb9ab681b0b736f347351faca63231e84d","4","4","No"
"0x49739691fb5f3992b3f2536f309d955558e75933","3","3","No"
"0x80e8d031a3bbd4eb04cd19fd02cf4038344a42c5","3","3","No"
"0x9af906c01f75154dd3402dfa441c7a4251c3201f","3","3","No"
"0xe066fe84075fcab0359498ee2fd29c18a8da8fef","3","3","No"
"0x049397bd8325e0089decf676eb42c134ea65bb90","3","3","No"
"0xd1ddc0f727935f376ba6f9f51b1e0fb481c25fb1","3","3","No"
"0x237ec64cc27196f6a4c16abdbb558b4c518400c2","3","3","No"
"0x4a2b2edddbb8264d009d2931fa96350a911ee69c","3","3","No"
"0xe9017c8de5040968d9752a18d805cd2a983e558c","3","3","No"
"0xc43ea5617a6b38b7560edfb0474031a661d86bec","3","3","No"
"0x17ccdda3914ab73f480feea2eca6381c2ce6d4b9","3","3","No"
"0xc62785b58724d744b843e479d76d47897e61ca7e","3","3","No"
"0x75a35f615cb1bc590e83fbbbc1fe10aa7b58fdc1","3","3","No"
"0x7de27209440cac3707ac0114337ffb2e0b87b4ee","3","3","No"
"0xaa1c73b88867dd5ae89813f2d1b4f715d7d9a134","3","3","No"
"0x3dd48ad861f0b77d1312f9c95a13e52871ca95e0","3","3","No"
"0x0000000484f2217f1a64eb6d24b5cee446faeae5","3","3","No"
"0x42087c28f296d3b2dab56e3f5d1aca1388f2be5b","3","3","No"
"0x4a2ff57467db1290cf32cf106c96987d5f4eca1a","3","3","No"
"0x785b015195cc3f5577241e41eb60b95a045fad16","3","3","No"
"0x8d21e3c8993633546e89cb4a24e5c0a5bc4d97e5","3","3","No"
"0x166603c90030f0838f682496ced62793d9437521","3","3","No"
"0xda248cc10b477c1144219183ec87b0621dac37b3","3","3","No"
"0x3e2d76633e9eed1e468d56d361a158c843da8820","3","3","No"
"0x7476d1e9659a49b92c3f65f0a6de00a18fc3d6fa","3","3","No"
"0x225d7280ecdb9f1f993bff2f887228974c72093a","3","3","No"
"0xc7c0ed2f2d6b140d0babfcc006ff73652f11ec78","3","3","No"
"0x09cf915e195af33fa7b932c253352ae9fbdb0106","3","3","No"
"0x45c2700a0b0e84fffffc74dbe4ca415bc940f93d","3","3","No"
"0x7179a13430cd4bd9dd95d29a13a527ce60805bb0","3","3","No"
"0x11b67a503b3b702104eeef69a4ea1365d0f2c658","3","3","No"
"0x3616045e6d2b5f0f9412a3e69501c5b0369dc550","3","3","No"
"0x6e595a541eeb97290ae4bf4c15fa011ca5871f74","3","3","No"
"0x81ab33ae5a0768ae73c0c35def8444b0044bdf5a","3","3","No"
"0x6f9bb7e454f5b3eb2310343f0e99269dc2bb8a1d","3","3","No"
"0x01299d506f8bbb51eb94f6912c96a0c61ce9d1c1","3","3","No"
"0x09be9ab0eb61327d26904bae69efdc6633d5eec8","3","3","No"
"0x130f0002b4cf5e67adf4c7147ac80abee7b3fe0a","3","3","No"
"0x785eaf018c3e9ac5d38d7781929daabd3976e81f","2","2","No"
"0xf847e9d51989033b691b8be943f8e9e268f99b9e","2","2","No"
"0x391891af67e29d97e61e30c3036a0874f5da411e","2","2","No"
"0x20ba162a8bd7f7db3967f142d426565296a1a873","2","2","No"
"0x43befc4d62bb6cf213a2e9e0236211266fd15d66","2","2","No"
"0xe3939654deae5f54fd3e6b84b3a7f75f245062d8","2","2","No"
"0x59d6779eca6c91ed7679e261b54299b5155eadf0","2","2","No"
"0x1e5139c78050d014f05968dc5c0755dae958481b","2","2","No"
"0x560fefc8f45b8d43f86f79f718dd0364d42037bd","2","2","No"
"0xa2fe914d593f4220b4d5d4d9d80fdc37a1e77101","2","2","No"
"0x92b3346317eeafba459be28c7ffe38703dca45d8","2","2","No"
"0xb1f72d694711fce55c62ea97bd3739ff11cef986","2","2","No"
"0x86aabcd459587bc1a347ae1e2d15223856354ec9","2","2","No"
"0xba55bdbf959df826da6c35487eb15fad2164662d","2","2","No"
"0xb4522eb2ca49963de9c3dc69023cbe6d53489c98","2","2","No"
"0x67d33cf1c7c699078f86d517a5a1cd1444a1e85c","2","2","No"
"0x02108bb399fe187b5efa1174a94c9a5944f9d7b9","2","2","No"
"0x0e2ae98b93a865719458c2ac86f5591e4addad86","2","2","No"
"0x8f43de6ee8644c43d46254c919e5b00bcbdaa7b4","2","2","No"
"0xacc0e80e3cccede7d2948ab542700bb9499d2623","2","2","No"
"0x5b7ab4b4b4768923cddef657084223528c807963","2","2","No"
"0xea611e681b294c2e2137ef14b782a9e80cc6a44f","2","2","No"
"0x47ecaa29ee34b822a57bda29afbd107ca855dfd5","2","2","No"
"0x49525c292f006396aa78d3441ee73ee992ef3183","2","2","No"
"0x562a01eb1c18e167d3b26504bfa08edb68c5681a","2","2","No"
"0xfe6524ac5f0c01132785e56d518b77e89184a6ff","2","2","No"
"0x36f26e2e5bed062968c17fc770863fd740713205","2","2","No"
"0xec9b106e925ccbf65d1cde7232154f3788fdac4c","2","2","No"
"0x8bd431fff72b55231d562482e7661997a16e0a3b","2","2","No"
"0x583c77c6343e207a8b4354d3681338a5018b668d","2","2","No"
"0x7aedc2d3a4aa945e22f2aaf4f0716c674b969ffa","2","2","No"
"0xf5b8537c526df134639cb3c11f2b4a0ca07827bb","2","2","No"
"0xa35709ffa7d247cd5f36466b632b66d909d81beb","2","2","No"
"0xefaa5fe183b7cbe2772fe4ac88831b7aa6c37422","2","2","No"
"0x0e4b02eb5e8c4dda7de7e7555576ba672a98195c","2","2","No"
"0x2ef86c90b2752b2582a58bf0a20b1027a02c8f11","2","2","No"
"0xe587a3ddb0773c292f70d3c75f3a1b72370d9077","2","2","No"
"0x02d4d9dd2a3d1565bf87264a92e7c48b8006936e","2","2","No"
"0xe729419ee0551a57b06aaa3de2c936cd6ad72c60","2","2","No"
"0xab30f11201d6d53215729d45dc05a0966c237922","2","2","No"
"0x01485557c2bc6e26c7187ff4cc38d5d9474405d4","2","2","No"
"0x8ae20fabeb608fd307fc1ea15a294340a547d501","2","2","No"
"0x4740fa6b32c5b41ebbf631fe1af41e6fff6e2388","2","2","No"
"0x549c0421c69be943a2a60e76b19b4a801682cbd3","2","2","No"
"0x87c34f6b5e88189c6eb8b7559be4baf51a0d595d","2","2","No"
"0x72ff5f275247b5dba797aa7b9a56fd534ac5263a","2","2","No"
"0x29f731573b3acbd22a7c6023d9e3cc8ec758de42","2","2","No"
"0x477c8ece9393713d258169aa50cdaf27e422214d","2","2","No"
"0x503b3f76bed8dba9a028690d3bb3d7ac0d478f9f","2","2","No"
"0x80b5da500b832ae5fca7514079375cc70ddbd20e","2","2","No"
"0x7ed9dc4698e7517031290712a0c542996ddd6e40","2","2","No"
"0xa70aeb6f4b116ec5478a1204ea7a6ca4e50e2997","2","2","No"
"0xcdd6ec239116c84b87916dceef93d92ae0b64c1f","2","2","No"
"0x05c446f4d6c3fb71f2f2949c92e0a5ee6e59853e","2","2","No"
"0x9f82226aae1f6900047da20c30dc836587157e03","2","2","No"
"0x354bc27b4bf791ccd572fc4c2e80f335de8dfb58","2","2","No"
"0xcd45b0dd22cead98973b79e8767fe4ef371cd7eb","2","2","No"
"0x74715a4a110e82c376d5c96efefcf23a6d1e7be1","2","2","No"
"0xb4b4aebf8e6f1a46c331706ad544188e4975f6bb","2","2","No"
"0xfe4841a4615b8132e6e116a033ca39333c63d121","2","2","No"
"0xbd1f7d88c76a86c60d41bddd4819fae404e7151e","2","2","No"
"0x97468f2f722dcd25843bd271603a1d2eb8520bf1","2","2","No"
"0x264571c538137922c6e8af4927c3d3f681399e50","2","2","No"
"0x4bd120e887cc82285aff8408dc208ed32b132bb3","2","2","No"
"0x6343249af8ecfd6b3fd903b338504166a22005f9","2","2","No"
"0xedff3e9b6d596501c7fe806ef26bff395c01bdbe","2","2","No"
"0xf2bae9fcd8e3443e647007a035c99a2766c06a28","2","2","No"
"0x552ec58ec4aa8b5374b042f2995fa857167c99af","2","2","No"
"0x0a0bcaa41f8b59ca10b2ba71743ee2ca330c93d7","2","2","No"
"0x40e71cd6009194225ffd6f30a94210113f733777","2","2","No"
"0x5082f9fd72d74bad1fa59dfc3e1a2980a5519eac","2","2","No"
"0xfa9dbab87da24fa3716c084cc8f9cc4f5e573849","2","2","No"
"0xae139be36a9aaf91af8f719740ce3a2f7102e66e","2","2","No"
"0xc255e0a1be0a4b7b8bf5ebe8d0aba162cf75bae2","2","2","No"
"0xde192b7e66920d881bd94d0be6840fd39e5fb744","2","2","No"
"0xf5bce02e24313618ed2e8318dee2b86bf53cd53c","2","2","No"
"0x01c9f4268beb4c049ac81e0a1d8e6970078601b1","2","2","No"
"0x929cf8d3d25784813d8e04a34cdf181e1800010c","2","2","No"
"0xb90781ceb500f80a9c101225ed5451449a3aa5bc","2","2","No"
"0x34bdab3042cfd0614658b2e1da368f8ca484929a","2","2","No"
"0x273e9c8198378640f5f007379034b5fa201ef119","2","2","No"
"0xb054675add7062e2a708ba7c211fb0ec1f56b8fa","2","2","No"
"0x531a50b437725ca67a8aee30065370453db09334","2","2","No"
"0xa9ad698e09e636d74016b8b998df69aa883190dc","2","2","No"
"0x0ab7bc1922d2d9807f5d59aa6e155dcde8fc1f6e","2","2","No"
"0xbbde1e05d96c5c4f7e377d5eaed21cac08a92945","2","2","No"
"0xfeb620b14a9c3683cecb9097802af9c32e51c701","2","2","No"
"0x80ad7547d879ab0481eda439bf0514e02b0cc2b9","2","2","No"
"0xf2608980e5499a811e61eb51e610c5a4d1d22e49","1","1","No"
"0xd90d5c7a6ebb19b45959cd622367e4be0985a05c","1","1","No"
"0xb7f9f538aa1b41ae2853eb63f1939187ffe70eb4","1","1","No"
"0xd716ad4f10eade5af4ed10006678f49bd2e6624f","1","1","No"
"0x9ca10fe0ccc43d8464e91938e56411e6ecfb8e2d","1","1","No"
"0x6265aafc8d25b36f97181c44d0eb6693f00eba17","1","1","No"
"0xe2974ac15aab159db17738b06e1be0d7df72e74e","1","1","No"
"0x6a5dbf2fb5206ec8192620810c3edb6d5e62b188","1","1","No"
"0x9325564ade7683706107685cf1993678b1163261","1","1","No"
"0x8ed876fded3699c590be3e12cef56e23376eff3b","1","1","No"
"0x2bc87addae195da271c2cb6f773cee647aeefa60","1","1","No"
"0x0c0d536aac272845556bfac2a8b719993a5a214d","1","1","No"
"0x5b2e846fed34400177ae8f46c3f4934b4388c8c7","1","1","No"
"0x5b06589608b2b11c5abb39e7ddb58979e46132ad","1","1","No"
"0x55e05e75d1f78db464d94823ff2d2edd10c45673","1","1","No"
"0xcd684efc2e9491e7d55528b03f0bf2d53e75c09a","1","1","No"
"0x6ef3f0ff397c3de367c6ca2cc3e6b6955e7993a5","1","1","No"
"0x904bb2b1606583de42a380636dab40424b53710f","1","1","No"
"0x06a81b2d1afe601f26edf52d7ff3998713d0a6c8","1","1","No"
"0x99bcea6bb0403927fb3c038163478d5b42082fd9","1","1","No"
"0x44fccfdb4d509cddac3a1fa35c60bf1c7c23d71a","1","1","No"
"0xd4d9c70fcc8a3e920ad48d1cb1596f8f097c96b7","1","1","No"
"0x68575571e75d2cfa4222e0f8e7053f056eb91d6c","1","1","No"
"0x15962221e0e7a41de9da1615f9cb64cbfff83408","1","1","No"
"0xe9ffdad574d66a2288fdb756907e9a10c16aeea5","1","1","No"
"0x4e6f10d1498d84fc0b3342974fe314dbdd3790ea","1","1","No"
"0xe551388b683bb1e34e27e5a7b00eabe79b080bf7","1","1","No"
"0x16503d6b9e8cecc24a8810862a081b4f6fc4c497","1","1","No"
"0x16df361da7a8aa3c6f3d8b65ade18f465a9f4e41","1","1","No"
"0x125955cd603650eb3b1c0cf000ab78ad0213ddaf","1","1","No"
"0x675f60d68701ed237e19b78152de1a68f3500e2f","1","1","No"
"0x0f585d3a2f9d46433cce13e68377689a73868f75","1","1","No"
"0x854f1269b659a727a2268ab86ff77cfb30bfb358","1","1","No"
"0x6ac625d107ceee595a35c464ed4c113cdbf20fed","1","1","No"
"0xa1c7bd2e48f7f3922e201705f3491c841135f483","1","1","No"
"0x11bc1fe797da8428ff275c9ad3c02971ce8ba104","1","1","No"
"0x0a474c5ad18d20441dc78f8e0f0731b3def9b54d","1","1","No"
"0x5584cf54ade7c81ab6d6bc870c714f87fc0a7721","1","1","No"
"0x6af3f4789f7fbeeb475a983f0bf6fdc5981e7632","1","1","No"
"0x3881871c3621e9a8bb9f5c046a2c944c24229874","1","1","No"
"0x2c5abc767ab347a852112b80bf62b221f15a6fe7","1","1","No"
"0x6b7cf8d60765d8a50df57f8228be215c202a3149","1","1","No"
"0x4ef68d03eca0c984b9fd5d4ef8d06c6b3bd8df33","1","1","No"
"0xcbd7d22dd7f5b7e856478027844149c47999e38a","1","1","No"
"0xacdba7adae48167c130c2fbdb08b69db135b453c","1","1","No"
"0x0773a995e752eec6456ae887dec5d4e06479fa9c","1","1","No"
"0x7029bfa9a85ebf4653945be520dc3b7f1181f4af","1","1","No"
"0x57392df8aa09a360e5003ef25556ac8abdbe5c4f","1","1","No"
"0xbf39ddbac5cfedc4476b4088904131ce3cad1d14","1","1","No"
"0xbb34666407e47f87a44e4540ee765909506cb105","1","1","No"
"0x8dc490643c58795e5c4dfb9b24682aa6d9dec6c0","1","1","No"
"0x74e2f04def059397d4a3382fd4a85df062d75bf4","1","1","No"
"0xe73d4d6c9087c95988c0757d740ffab47139c15c","1","1","No"
"0xd7a1bd5db8cf012b1ffb45fe721189da09d824a7","1","1","No"
"0x0c4e0544f0ecfdf4387b45e44d2f45d26ae65d02","1","1","No"
"0x51f4e96abf315ec7597cb56d89637455ebf60f4e","1","1","No"
"0x60a89e1816857555b95be9dc713e87500114e198","1","1","No"
"0x95a40112c37d79f6833935ec780495d5d3e23178","1","1","No"
"0xeb4db23c27253077fb3080adda6c5c127b0dacae","1","1","No"
"0x00b878d53e8816048eea4c74603932a1dec4daa9","1","1","No"
"0x2e5745f3136e1023b7db402f2f20d59ece802f4a","1","1","No"
"0x9c19503c62b533b690aa4928c0dd75d4c0b02590","1","1","No"
"0xf970f7b32ed6cb64bbe61ab95a30e0665887500b","1","1","No"
"0xcdb2de3c7e3523f943904bdaab94e316853601ee","1","1","No"
"0x0a9a04f289e1237c978d9ed375eeebda73ee97b1","1","1","No"
"0x34c1c3405cd216c10da49308fbacdb230cb2a824","1","1","No"
"0x313e6c329f4239d779d794e0bc889406e1d929e6","1","1","No"
"0xc64f925941b7722bf10201508238b604caa3b25f","1","1","No"
"0x3375a11f42464da748eaac5a0257c3f369616bd1","1","1","No"
"0xbea4749947b782a9e9ed98230859bf9784a1eb2d","1","1","No"
"0x30df16cd7d612c5b25beb0331486b127a42ac371","1","1","No"
"0xcf8f1f82d5939b90d5e7aab528adb7e65de51669","1","1","No"
"0x90d9f74aa28f31be00f425749acd6c0b350a5df0","1","1","No"
"0x1b12399bc51c22bae041ea6b425440aae1ae4f40","1","1","No"
"0x040479ea0dd9499beff5b8e6b36948c91165ef38","1","1","No"
"0x033638491d0c5b75db2a7ad0fb9d3abc86fd52b6","1","1","No"
"0x1cdda1866742c8a14b3318bf8cb66fd2d65e2b87","1","1","No"
"0x49084125e425ed84a81e97f866043ba413e959b9","1","1","No"
"0x67c6d88b856207ef6aa82648365933608683f4d9","1","1","No"
"0x10d2a2ccddbf3ed58ba4722a30d97660a01ee270","1","1","No"
"0x8d4b39954480a40a9ee3bef61bb24666f74d7012","1","1","No"
"0x6cf51fdef74d02296017a1129086ee9c3477dc01","1","1","No"
"0x5d6c47cfdbbe5ad5a7be0a97d519164d303e1117","1","1","No"
"0x92c98285230ac5e47012c63456c0e2e94e934ff9","1","1","No"
"0x912b3508fda227f0785903f75c698dd01a1db166","1","1","No"
"0x429badfadf144f655926081bc3b8679ab15ff33f","1","1","No"
"0x16ed0fe6952dab8bb1f1c1dd132a24d15b094419","1","1","No"
"0x3b11cc193ba3ab9c2a0ed9eda03a4d795c766262","1","1","No"
"0x495e884946e5de7376c575bb6a17ffe47ded2590","1","1","No"
"0x0a0d973688935d20d751b2319ca4324e1fde3819","1","1","No"
"0x6a81c50289f16a7e556385d6bab17707e2ea23c5","1","1","No"
"0x9ed80eda7f55054db9fb5282451688f26bb374c1","1","1","No"
"0x4ad0062aa3e63d04db92bfb5ae4554b4a715b600","1","1","No"
"0x6b6c51c444fea186e7dab8963730f37faff1db16","1","1","No"
"0x046f601cbcbfa162228897ac75c9b61daf5cee5f","1","1","No"
"0x852a3edf748be46daddbf4a3f0e7f694f3d84d89","1","1","No"
"0x28b8fbcebdc3114dd7ce20eb0642015ea3a21718","1","1","No"
"0x38d0dbecda3b81faa65cdce0cae4c4db30dec786","1","1","No"
"0x2d481c39e28c71915fee81854d1c95cbcf5a5d74","1","1","No"
"0x5acaf734818c1981590839ff922162a572bb1f96","1","1","No"
"0x8df484c6b203a16cfe1215dd6134420e02b05a14","1","1","No"
"0x00dacfd769bc30e4f64805761707573cb710552c","1","1","No"
"0x6468ac6abb72377cab7dcda999be4cdff81d8387","1","1","No"
"0xc3fd1227da579220afeb28b400dacc4ad6523c7c","1","1","No"
"0x033d815f4fb30b2459a396e004c5a7ecfe30ec39","1","1","No"
"0x80bb6b34b4cec45e5108ea0f5d96003e80779bb4","1","1","No"
"0x37f7ff1864f5d5cba2b63592656049f2d7d06fb4","1","1","No"
"0xdd4c59d3289e09a7fd74623e6a6c4af7afa67032","1","1","No"
"0xe901700f3517cc363a1b630c849f57649b699dae","1","1","No"
"0x4f670870883359ecf6c91c20be7f833264f7e4b4","1","1","No"
"0xba718efb68ea96b32678c88019768a449cbc9548","1","1","No"
"0x461337d4f089adf16455acb785415f6437da0c24","1","1","No"
"0x20ec8fe549cd5978bccc184efaee20027ed0c154","1","1","No"
"0xfce81731ab5baea8592e72cd3014d80a47ec1b90","1","1","No"
"0x07bab9184eae3e2ab3a5b487f3206de16448ad64","1","1","No"
"0x2a27f41cabdef42c1b015622e07710a8eeef44d8","1","1","No"
"0xa98972d02e723d83371e5ff1eac36c980cee0224","1","1","No"
"0x2c97ca3fc400d617ab3797880c06309fbd15e14c","1","1","No"
"0x70e439584ef1ba300106b9c16543eaa1de676dc2","1","1","No"
"0x9c8f81b6dac8b0e2ffab1a544e0944f0c7c6d664","1","1","No"
"0xb3f2a049ba7ff3debad43515e8f29c9fc31c5d06","1","1","No"
"0x7cc78773cf63b47cbbc5aad573ace669d3ab4feb","1","1","No"
"0xafb50e978276e07d3ae3fcc7a96a8b05c5650e22","1","1","No"
"0x3e26163c5f8f9716816febb5ae21ac7835b5fa1b","1","1","No"
"0x519b01527d3e27a31476a7ab037f263bf25b46d1","1","1","No"
"0xb1a4a52bf296bb2f0ca995f6b898b88d4c4eb4e3","1","1","No"
"0xdf35ab11698d61891f81126b6e391dd6e43db5bd","1","1","No"
"0x77956a9d1b9901bbe4cfc2ed37db17500fbe7b0c","1","1","No"
"0x158277423573692f1395ea2a79207c86bff63c07","1","1","No"
"0x0730adf4229b97a3362fcae4d77ac93f41508792","1","1","No"
"0x15977e15d7b24c76f94d2902970e0f0eedd78618","1","1","No"
"0x3e379f4304319a302a49d5aed685159c81ad8ebc","1","1","No"
"0xafa5039f3330af767b8d8bde552666c5b2910cc2","1","1","No"
"0xb2be6d8e872c7b08085d9dce6afcbd0286c75b0a","1","1","No"
"0xf86ef7e28a737a9d5c4715024d3e168e814847b5","1","1","No"
"0xdea4c9f77625481eabc33cbcf34469c2384bcf08","1","1","No"
"0x17d60e33385700247741d8a0c2db0d4ac28130d7","1","1","No"
"0x87b675e9219a3b870df51449268b8c8c2241bf0c","1","1","No"
"0xc45e56728ab5f34616dc379e77b057ea591156fd","1","1","No"
"0x6cdfafd6e4566b7284ced31cf9dff7ee1a6c7f06","1","1","No"
"0x178ab90a4b98e76ac6aecb2636cb1f3ae0326159","1","1","No"
"0x66e9f46576af2322d1ad489618597ab6073aa3ab","1","1","No"
"0x75e1e79a202d63b95f49e90ccc59e20562683415","1","1","No"
"0x545fd1d8546a692a05794311b34d721d87cf4cb4","1","1","No"
"0xb5dc07e23308ec663e743b1196f5a5569e4e0555","1","1","No"
"0xdf96b858345e725655ca0e8e4eccfa00b1b68f5d","1","1","No"
"0x1e2fc6dabdbce1b991ee26daf32a64400d7884df","1","1","No"
"0x2239ff85f256b0ad09502e6b757ad4c0a747a899","1","1","No"
"0x397bdffd614628fe57327bd0b0d4f8c6ec2d9065","1","1","No"
"0x936915a08e7c18b649a02203b9706bed489f9c68","1","1","No"
"0xe5819387cd129a69d27450f0410d738406b0a985","1","1","No"
"0x5c2f741f0ac4ee5fc470e51f8edf115fcd47aaaa","1","1","No"
"0x4166ba4ca1404ef7659834cfbcfa115bc7043f32","1","1","No"
"0xdcdb53e8e1123baa64a0b7d3da13e360ca843797","1","1","No"
"0x24749aedf18208ab74a8110e07e820286bb5acf8","1","1","No"
"0x97b90fbc8904f861f76cb06bfa0a465b72c5e662","1","1","No"
"0xac6322f51e4f50d6d2159a84bba49db0cf416dcb","1","1","No"
"0x6e8d55b532169429bc9cb83f944cd62156d173a4","1","1","No"
"0x8e437c286498dd2a6216ede8722e6b742e253269","1","1","No"
"0x94060344ccd973d407cc7a47dca52b5abcbcb295","1","1","No"
"0x309d44fe6f4b52733906206a707a67e077ad06ff","1","1","No"
"0x2e4601bd54a44ff8bf44097c6e49dde816cbcffe","1","1","No"
"0x2c61eb8ca0bd5e41e88c08054bc87b30797ac06d","1","1","No"
"0x887c3599c4826f7b3cde82003b894430f27d5b92","1","1","No"
"0x0a12aa80e67ec7dc943a5cfaf4576fb026fc7381","1","1","No"
"0x03e05ee8b14fa34e4263454622ae2e21d448e173","1","1","No"
"0x4cef52869aacbdb295694ac8f9bc9007edbe1d15","1","1","No"
"0x2969fd8c49d15b596afafc0618df3041f654dc80","1","1","No"
"0xecd02810db92ff027ea1b0850d46bda963676d74","1","1","No"
"0x8246a1037d0e1b0a70034e7769a0196dfec83988","1","1","No"
"0x9a44394ffd96a78d0b5c5b2f5dcff6052c70176d","1","1","No"
"0x3501e6b12eb67ef7db9ef4c779d127b0e5b6f6e6","1","1","No"
"0xb98add9f09af3ab5c1f5316b24707b75b5664d1d","1","1","No"
"0xa75ea297fda4c3a11f600d284d1934e0140f34eb","1","1","No"
"0xf9107317b0ff77ed5b7adea15e50514a3564002b","1","1","No"
"0xca278cb118eb29f97ba640ebf5d0e9e405c4f849","1","1","No"
"0x2f5f5c84ff5805e78974c6bfcbadaca47e663c9d","1","1","No"
"0x9915ce890f0cb01ef89126014692e2c51f08b33c","1","1","No"
"0x2f74208cbe47359e3476794d1bb49d3b59e00a8a","1","1","No"
"0xf2aeb87d080a74ff64f3dc0e4ac6959bda1b752f","1","1","No"
"0x8ce72f0bc8c11a23992227498ec5a1776171a913","1","1","No"
"0x15903df309f04d1e4944ceb27499301c7e6d8e55","1","1","No"
"0x1ec7aea71aa6b45fe98b8e424f99a5e9a442ec18","1","1","No"
"0x6fb2e4bfc55613eba4b912ac1b436b1b6103eb89","1","1","No"
"0x00ad6669e800c4e8e3061f1168a5ab2421e68d31","1","1","No"
"0x3da9c0de73a8b16dbf7e9ba884ccc11a6a50ef3a","1","1","No"
"0xe08753f2caf86cfa29ce24b1ca765f6f3a25a68d","1","1","No"
"0x5482273451c8fab8588bd58a2f3d6732e911ea62","1","1","No"
"0xe40c9db4b30c32dfb29f48379c21fc459337ea95","1","1","No"
"0xd316467b48cd04113dd895d9ad8649c2cb91692f","1","1","No"
"0x84de413e1358ed3df9ba3ffbce1a495d835da640","1","1","No"
"0x111118097b52f10dbe5ced3ee2ed543985311111","1","1","No"
"0x987f782b93a2438144796784baf64991367efaf4","1","1","No"
"0xe383293687408ea745266eaadf2321cb3cf12d88","1","1","No"
"0x2d6496e74ee130b66445d0b68b5d9309fb2a8df2","1","1","No"
"0xdc9d885ac5f0d70b7af6226bc96cfbb22b508858","1","1","No"
"0xf50355c156f2b608ee3c915e2a96903d190128ae","1","1","No"
"0xe9f4a19b3e27faa296b6aacabe3e5cc672169406","1","1","No"
"0x41a1842907f67af8a25338e22e45f9dc88266cee","1","1","No"
"0x4b8a4d312fa8867a7a6bde233be107767134ec17","1","1","No"
"0xcc3a1d86d0c63efc586ad54460fdb98e3f351563","1","1","No"
"0x625ac2ce995238045c0c69c09dc28e5c60907e4b","1","1","No"
"0xc9b886f9c8bc77d01902d73fd64312b7d0226111","1","1","No"
"0xd40eea594e9e6ab36aeea627248ceaef97c339e8","1","1","No"
"0xe4871ab2c20ce22e86f05fe0200def1e7fa8ddfb","1","1","No"
"0x6da9d6f1e679d61fc81fa27ffd57b1c05c288c8f","1","1","No"
"0xb326355a1ff2f8f84e30d822fbb47b0346a4b305","1","1","No"
"0x37aee6419064c5980b093cd2961b1fbea88be070","1","1","No"
"0x327b9dee1830f8201efa751fd96f7b1ad0b300a1","1","1","No"
"0x4e07ebb283634233c2348ec7bb059995e6553da6","1","1","No"
"0x5d6ca5d9838ef551bf4c52b8a47b69b60694f1cc","1","1","No"
"0x3269250d335183f7238cde8f10b114bc4c0c9fae","1","1","No"
"0x99567cca28e9c61185617f225a7a7744cee2c2f4","1","1","No"
"0x49b48cca1ee8ff32b1405f1a1172bf0b5bd5ae9d","1","1","No"
"0x6749f1a7c7f0f3a4d44abfc881e4796b59df2f06","1","1","No"
"0x8311bdaafbe4b5d28edd37020f0edde096b6ef6a","1","1","No"
"0xabe151e6753b3fc96954cea3e677babc415cee8a","1","1","No"
"0x50feb3a574797d33d5fc6c43e1e7ba964ded5955","1","1","No"
"0x6c031350a7c8dc7864521074bf65d509d45b5691","1","1","No"
"0xdcb87abf8ada15ebb94b29526a152b29c27fba3b","1","1","No"
"0x3a5b30f14df56eedcc2ba0d2679b3b09bc05afc1","1","1","No"
"0xb3d07b07a1b22019b2dd50f7c1ea49408e52bf19","1","1","No"
"0x06b2d84b6ac9d5fe319a77b9132d34b30276e6c5","1","1","No"
"0xffd4dae0d7d8ddb6f408dca0a47763ae3a57f4ce","1","1","No"
"0xa7e5a837382c4b2a484bd2afadc8b5a5f6d74e87","1","1","No"
"0xfc663573f338c4ed5bc90015540aed148bbefe69","1","1","No"
"0xcd43aad533e663b726dae4a08185e9db8ebc9f6f","1","1","No"
"0x60e33f77532d6b290123082ee2ac90a321a820e3","1","1","No"
"0x3b5d43139b517d53b5935fbc8de1ac4609f88826","1","1","No"
"0x74512dd99839132a3221edba699073db96aa93c6","1","1","No"
"0x8473ed4616eb1c681a5f801c9eca9ba2548373bf","1","1","No"
"0x10075da1dae85b28be7e4d6df2d4a055094382fb","1","1","No"
"0x08d882d50ffe6149d69b74c19d7b550bf0260012","1","1","No"
"0x97b245bc5cef7d36f53eac9d39a164343b8b6761","1","1","No"
"0xa92a8d469af6d528585e9a451e03076cdf18c579","1","1","No"
"0x4b4afb9948366474dddba6c304f6506ff719f054","1","1","No"
"0xe4666d054b87071d158a8a0cf1d9b2f0eb9b54b4","1","1","No"
"0xd731c69b3b3041b83097ba63a9aaf2629d736e3b","1","1","No"
"0x2ba1daf6355c75f519ccda083897d083541d1364","1","1","No"
"0xd6a02cba3508966dc4e54342a1f34e31fd7eb29d","1","1","No"
"0xf02f3e266e5773e6bf28e10bc7e5e21abc2c11d3","1","1","No"
"0x73d4ed201329d1055b7639cac2e6e34b8bf0be05","1","1","No"
"0x828e7ccadb7d82612a21548ef525d14918b423a1","1","1","No"
"0x2aefc77070df03daabd29eecd80f290ef4f05b5c","1","1","No"
"0x705d4b84cf7e90a1fbbb1bcb399198179fde4066","1","1","No"
"0x0c76f681eb97edc4b3cb776b4fe451a8f1121c0d","1","1","No"
"0xd266e4ea86a39bec62d1250bad3bf38d785655f8","1","1","No"
"0x164c1c290847138f33813e25e4322e13c949af98","1","1","No"
"0x3943e6aeed9be4dd6c0a02fdfd4bcd786eaec2f2","1","1","No"
"0x5e9fbadcef6ffeee6ef10bdb0528e6541224f0d0","1","1","No"
"0x5a98084c470ab614dbdb0b992d4515a7b55bcda4","1","1","No"
"0x10f193ba0013ce24db86607bfe3b643ba368be47","1","1","No"
"0xcfa69f05920d1f5a60e87f3f7b28cf3433f33112","1","1","No"
"0xb866a81139116f7a7f0875901fada377b7086b31","1","1","No"
"0x5b0ebb7a9c525b7a5af3ffbc98d46547042f9303","1","1","No"
"0x61617c908375aa778699c15e7b1f3c48370441e7","1","1","No"
"0x64882d0f5513c0fdf8c6225d01971b10026ae778","1","1","No"
"0xa0bad0ea344e2e7ea14203fa167ceaf5bec72aa5","1","1","No"
"0x29ab02016fd6a2c6fe199f8a2c28c1dd8735dd81","1","1","No"
"0xdf632ea5ba8283488aae8538e17a2f802243a61a","1","1","No"
"0x741a7a1581413979a9a0bcac02a65efc2a43cdbd","1","1","No"
"0xb4f3c1fa3eae271057056232cffccb4cdf3dd222","1","1","No"
"0x2b45b60f4e2e2aff24b38c6f0658dc657ff61ac5","1","1","No"
"0xcffb1956ce2207300438a0d3ed0bb9320eee7da1","1","1","No"
"0x49cabddc7cb7958460fc5f7f8e948c59e59c8ba7","1","1","No"
"0x61912e0a8cb64061b9034b324e5adbeb8dddc673","1","1","No"
"0xc03c64ac33a467ec1776cb9c48e7e96c5bde6126","1","1","No"
"0x44be6d03c2722ad3db4e53f32b4c67cad864cc6a","1","1","No"
"0x204ea96b612c0be0b5dd6c8002b26a70f388a69f","1","1","No"
"0x59502d2bd585c869a4d7cf5f41eed0b3cd616013","1","1","No"
"0xe8b5e5b377c210049030900cdd2afee47d8a9430","1","1","No"
"0xf305165c96bed990126df34b5875641033fc1811","1","1","No"
"0xe094ecac5272f88b2d99349c2e8b6a6d68f4950a","1","1","No"
"0xa98eb03521af8b52839ada44d8fcd114d4651b81","1","1","No"
"0x6dc88b231cd04dd1b1e525161162993f47140006","1","1","No"
"0xe76d4165967fb1ed8d5a56d5dea87e3bc8ecd3ac","1","1","No"
"0x884b2737f355e1ae0c88609c10bf7bc2f761f815","1","1","No"
"0x4467db848aea6d1f6147246f62408b982044b1b9","1","1","No"
"0xefbe8bf708ed068030b43c7cfc62d8f078b75531","1","1","No"
"0x482dccc9006c3f71052e52b25be65d86873053df","1","1","No"
"0xe593b0abe12c35a4aa680b5d3887b68fee33e738","1","1","No"
"0xd455712e43582134f101a0c686d26548b5438a3b","1","1","No"
"0x745be35602a0909fde830a451815bff8d83b33b7","1","1","No"
"0x723901792aa0b46e255b9aca64ca994e54a227b0","1","1","No"
"0xd25d752f90c46a93efa3e66780881f48bf10f335","1","1","No"
"0x5efd647118e81b9f16119d0fecffe72c92458ab7","1","1","No"
"0xe0381ee9a473777a69a6475aa5ade327b2f54fc5","1","1","No"
"0x93ec3b8eb8eb2aa09153fd8c01604d78747c7f42","1","1","No"
"0x586fd3daf25f908bf478ac9fb70fbec1ecf71ad2","1","1","No"
"0x6f620466d077f383e5ca3441d5e77c9c4aa63f5c","1","1","No"
"0x944493776d4330b78283ceeceed1ff01b5d2251a","1","1","No"
"0x287c3af8f931cc50e4fc2f62f2fbd9673f035ed6","1","1","No"
"0x95b30124aeef1293302e6dc6cfd28895070b3934","1","1","No"
"0xac3c2f091edea973f666173b3ebd242a80fe411c","1","1","No"
"0xea01e1a3709e16259954982f783f49a02f90c583","1","1","No"
"0xabec53ad5bafc9088d7140dd517a924d43564fe0","1","1","No"
"0xe478d1f9aafbda5bed60bc85287a3eea583aca99","1","1","No"
"0xd3e5e61cc1c4376e10f6fee406daa3f85e4404f7","1","1","No"
"0xd44670d94891b856cdf56568299fc69cba37894c","1","1","No"
"0xda85edbc9e6c35cb430b1a93a155c8723e871808","1","1","No"
"0x8c7d037a2c2a7fb46e4b021bc987fa03368a7ae0","1","1","No"
"0x17615ff7a94708afa5e963fe3f38901933f6577b","1","1","No"
"0x024ae17656e34cee2ee9b85800969d991bdb18e6","1","1","No"
"0xf964a658db4f29d1942eb07abc7927a0c09f10c8","1","1","No"
"0x73ad35b224734328415c8196b2da59e9bdda7eca","1","1","No"
"0xbb1c49546d0e0d522f7f2ea081d5379c302fe7b3","1","1","No"
"0xef291e5bc66adaaa447e18e82452a1d2dfd1f1f7","1","1","No"
"0x0fba9095cedc2757cb52f0bfe31ab6a8774ce468","1","1","No"
"0xd3e14d46ee219ff85174c076ddfbb7f99dd0f9b0","1","1","No"
"0x0a77d2b72f11c9c37f8bb58edee8a299dae9f0bf","1","1","No"
"0x952c23f8f067a5e7e165ff0e42491f51d87dbc95","1","1","No"
"0xfe05a7a441c746772638af60e5094af1001916ee","1","1","No"
"0x5a2a4d2bc3beff479cb72e6ec4648d355bfe24bd","1","1","No"
"0xe9c9ec44a880af7c1a37546dc2cf16c8eeb42e5c","1","1","No"
"0x568f06990633d93b6cc42f11e174d4632e909434","1","1","No"
"0x77ef9ae6dc603a74c18b0f0236e7f12358816da0","1","1","No"
"0xaf7f5e2b1d4e153ba706fe2386fd83259db6384a","1","1","No"
"0xabd8cee5a93265fc7d1f9e45f0169294d01b8802","1","1","No"
"0x2b5e2514f4eeb653dd215f437b6cfea438215a48","1","1","No"
"0xd04bf1c800f5a7fb380de6871d0dcea421d57c64","1","1","No"
"0xc17218f6ad9297c939136e8389dd8449cd1d2100","1","1","No"
"0x25ad2667b19e866109c1a93102b816730a6aec3f","1","1","No"
"0xd001c1df358d744f197d87f25ea6274c7e086ee7","1","1","No"
"0x5be3bd1d263643be7582dbb7cb453873a0ec6657","1","1","No"
"0x06c4865ab16c9c760622f19a313a2e637e2e66a2","1","1","No"
"0x3876567d57fd4c2168a2c6d37eb7a1f600f56df1","1","1","No"
"0xb17237ee9553b7b07c0622cc436d97694cbbb53a","1","1","No"
"0xe703a67255a5752aa8a5c4f8a6980840eea01b25","1","1","No"
"0x97b102e00d88f02debfd6b1e4b901dd6931bb982","1","1","No"
"0x965658b4bd00dd1967cc4f8220462b6007f15860","1","1","No"
"0x846caccc9ee1be94a29290a292bc4b07e7a83298","1","1","No"
"0x19ee463a37671e45f929ce1d0f2596fd458351df","1","1","No"
"0x751e3c266e997de0b1f95bd118d562f47fae2488","1","1","No"
"0x2f486cd2711fed55ecc481a5a0ac62001ebfb16c","1","1","No"
"0x8d3cd61164ff9a2ddcccce933c5b4608f6562a82","1","1","No"
"0x9de7a828b2de953a1d47e7fefa54fec1330d6b6f","1","1","No"
"0xf3d476566bcc8e882a3910f1471428522449d89e","1","1","No"
"0x2993e1d02b11377f44455aedc618c705acbb0591","1","1","No"
"0xfba674dbbbfafed6da9895051e5204de824325b9","1","1","No"
"0xb98b88a09998b596648f41a4a27d0237eda58ba6","1","1","No"
"0x468c2dac680f0600bf8c86b6a8bbffc81f82f159","1","1","No"
"0x049808d5eaa90a2665b9703d2246dded34f1eb73","1","1","No"
"0xcd7f6b72049c3b54416f9f26392cb271e74ca3fd","1","1","No"
"0x7565deddcb83a14b185eb9520914bb918cdfe983","1","1","No"
"0x0ae3d5949202165584a270cbac7a733b0307a766","1","1","No"
"0x0a8f4e308b17f836eab6493f42e48ac07d30946d","1","1","No"
"0xe64d330cc8654520815aa3ce90613d89b855e3a0","1","1","No"
"0x2e1c62353efb3743729e1af6c234b32cc4efaf85","1","1","No"
"0x6957d2139d29e7db7913ac21e813f2a561e47ac8","1","1","No"
"0xda4807e777e2e4a6b2ab075bdc0aef459e708cbe","1","1","No"
"0x7e0305db11088ec12ab00b7d68f26ab31f722027","1","1","No"
"0x39432039ddbd6fc67668386c897e54c1c5554ce4","1","1","No"
"0xb8c9d38ba6924095062a92a581326a3ececf62d9","1","1","No"
"0xb39766100347e1ffa1459492c85e8e3a2b25d3a0","1","1","No"
"0xfdb4ccdfdcd5ae3e45e85945e2e19abd3f422d9e","1","1","No"
"0xec1625f0be12b31d8edfdd165f7750ee4630a475","1","1","No"
"0x5f7f9c331c46487f77417ab39fd16ab97eddfe51","1","1","No"
"0xa6d62ece2f050a9b1ef79e003eda0a012504b3e8","1","1","No"
"0xbc1796b4d9d112de8cf29849ee3e732ffd27d4d8","1","1","No"
"0x24d20955054725bb16f55556e9fa4a276e000acc","1","1","No"
"0xa9f078b3b6dd6c04308f19def394b6d5a1b8b732","1","1","No"
"0xb512f6eda8d66092c5ab1d6c5ec718970e064683","1","1","No"
"0x0b000fd71ec63066fea195b1e724ec8aa52e9bb8","1","1","No"
"0x1d932e6489b5e4091ee078db497799237b354191","1","1","No"
"0xb14d2a1fb890c569f7e6802362e10c13a79a4c98","1","1","No"
"0x472fa5d835c8cdf79aa14a94e9c5623617ae68ed","1","1","No"
"0xa6a6fbc1ad2fc6288d3b9485bc6e6ec6be57cf57","1","1","No"
"0x1fd7dae8ce6190509486e657629975e10ecfef60","1","1","No"
"0xe718bb18d8176659606b3d7d3f705906a9d3e1bd","1","1","No"
"0x4d8959047f91572bcdb2125474671ec90d70380f","1","1","No"
"0x3a315f541003349aa597f6bfcf6df6a2feab58e1","1","1","No"
"0x19d5383b9dc8723659df1cdc66ca1d2e69bf7b30","1","1","No"
"0xf89e4f80a3ba10952af3ec910d710d8732735f12","1","1","No"
"0x21271500be1638e05e6fba300520f4f019f34a4e","1","1","No"
"0x030dff1946806b8d36db64826401db94faa673aa","1","1","No"
"0xc010b6ab4d5fdb22b5dea72afbf5d22431ec5d50","1","1","No"
"0x62d04588e282849d391ebff1b9884cb921b9b94a","1","1","No"
"0x2c492138498165c3f6ff94ab7d0b7ab6dd546ada","1","1","No"
"0x1cc176bd6c7a58d0261361be9f5fb022bb238366","1","1","No"
"0xc3e357a84b29670f5a0c066a61d1658b4a70c800","1","1","No"
"0xb5cc53be3e586ce7f85034398a6031d32f8ca180","1","1","No"
"0xf0944415ec94ee9036e268115cc565cac1bef93b","1","1","No"
"0x806e3318419fc1b942bfb7804d9d4e12f7424006","1","1","No"
"0xcd389cf4f0cd5b3c3f0d103c898099a959316528","1","1","No"
"0xf6a11c6f1a6307122afa11acad33d4a2027af154","1","1","No"
"0x30ab3c4c1fdae40146d990f8ddacf456cf72a50e","1","1","No"
"0x57179b08bd29b441da18ba84c526c3f0be23dacc","1","1","No"
"0xafc7c894fab4fe3479aa0db52d6d560287e2a6f0","1","1","No"
"0x412c8dc906e72736a015bd49b4e86971422e6c2c","1","1","No"
"0x21c756561d2bbef61ac042255236757e7295f6b9","1","1","No"
"0xc93832e75d4b71a1d25a39daf12157237feed735","1","1","No"
"0x2153f9042925f9f616ee0230bd0f75416d058dd0","1","1","No"
"0x6bd30f52535cc8cdb66d60c862ee2eaf21d43fd9","1","1","No"
"0x30d0c2c02229adbe7a49469fb44ed7da836f8dd4","1","1","No"
"0x5e454643b3827dbc833a45b109a08cb61e1e8014","1","1","No"
"0xe4efdf71f3ea6b4f204f9e1d9324ee967db8b02c","1","1","No"
"0xd4beb1e7d13d593f73feb34a99ed6e1c88973185","1","1","No"
"0xb55ef1bcd32462fcf34ed03c7a0f024251731722","1","1","No"
"0x411610cb9f4dd345645068cfac22722631dd7329","1","1","No"
"0xaec80b4fbe227198720b1d1b82a12968baa0b144","1","1","No"
"0x7a38b009f9e176f07978c2e75bab2a5b657ca37a","1","1","No"
"0xd7f0efc1736ac7e32db2f9f48692308c62c9b020","1","1","No"
"0xd1557310fba3729595c5a694b64823068990a0d2","1","1","No"
"0xad7cd53d45e6c146a113d416a0d10fd32c3274ea","1","1","No"
"0xd60edbacd0641903739134b1f8b5bb6a3b101ae5","1","1","No"
"0xaa4e7058c6eb9e68ff3f6db0cfdc23caf25986de","1","1","No"
"0x83e5dc56189baf9c44ab7709bc2d176e4f357e6d","1","1","No"
"0x35203a9faf7f4a732591aff11a882c9559d703e5","1","1","No"
"0xeb4a767d14af43faab11dba805e88fbf3bc19812","1","1","No"
"0x54375008678b25815a7c14dad244ee9b5152b371","1","1","No"
"0xc2df67e8f388b7ba0e99eea92e7e558c4458611f","1","1","No"
"0x90f1b1ba62bbb3778cefe3963c66f08cd19d586a","1","1","No"
"0x60d2260dc01b86869ea1f29cb8f124be80e0e594","1","1","No"
"0xadda97a3dde1a48f71329b0defead1b1e007e4cd","1","1","No"
"0x7cdd6bbb4dbde735565ae2eb3f266b0f2e6ca008","1","1","No"
"0x5dded9753f3ef5ee6db9258cc765d70f19be758e","1","1","No"
"0x9b213236d2c1776761ee8a8d40b3f30037b71300","1","1","No"
"0x7d73edda55e0d2596836a49efd3eb45c1f97bc27","1","1","No"
"0x93e5f34934a2af5b823df85a23f486e075b49998","1","1","No"
"0xad38adacc5791b527b20a9a127a695371bb83e1c","1","1","No"
"0x1ba0c1648980dba412562a54b61dba860ecbf9bd","1","1","No"
"0x2ef021a31e666bd0d3fb39771b7a70c55d3b3749","1","1","No"
"0x5c220ef085eaa7bd72c4ececc6dcdcecfcde8016","1","1","No"
"0x9ac53a09d34ebc92ac9583e6bccd19ffb4b78b1b","1","1","No"
"0x245554b2ef90ba711a1dec81368a09f32a364279","1","1","No"
"0xd45173e0cb9b32176ed691dcd02ea8de9b2d0829","1","1","No"
"0x1c5dfea65556d8de4121a67666603f643eb72594","1","1","No"
"0x3b2377736ae8460cbfff11ca16dd65ac4e8238ca","1","1","No"
"0xd9606dcc41855d544e97668e0fe3243542e49776","1","1","No"
"0x52df32e25eeb7c36889d631bf06936b414aa7ebb","1","1","No"
"0x8a87fb541c977e74555373859dcb02493d6324b7","1","1","No"
"0xf921286642049035adee966ce79b9a6960f27396","1","1","No"
"0xbe7232c35978fbd989895b1cfcfefa360d66e135","1","1","No"
"0x7c38637ffe119953ea646ef567f10cb62dbc3841","1","1","No"
"0x835b3867c15b1c8061053a32e40da0cb89fc5640","1","1","No"
"0x81fcd76169b2700989a51bb2eeeeeea7eb11c8cb","1","1","No"
"0xaba1474e30352296ea03b8dbc64b20481e9c7d59","1","1","No"
"0xdd15841274d20638b1d33abf4a86527eef0e854e","1","1","No"
"0xb9bab65e1e6ebae6867a767d44ef0c279c8d4aad","1","1","No"
"0x864691202f4215489f5f8a37c1d52375264fb298","1","1","No"
"0x52b3e78a4cd69187156961603cf85495f74d0ab1","1","1","No"
"0xddd5049d361d8231548e9c22c91a0630d0071ac5","1","1","No"
"0xaafdd768fa83ef7af0e19707f2be9d1db1924766","1","1","No"
"0x18a662be15f9a21d5419c7b5e0598a099c126087","1","1","No"
"0x2d96e1fe38ff45cc8910c617b3c5e0b6298a81f3","1","1","No"
"0xa3a52138933fc6dd249b5cbd5f95eb63a363e6dd","1","1","No"
"0x8a03f8237fa235bf149613e5697a3273b0b8a3ac","1","1","No"
"0xb8d2fc67a9ae46de1d3a5ddd355e63ab9cc5a717","1","1","No"
"0x9a25025f722305b4336ccd7e67995e691a12426e","1","1","No"
"0x683b067b7359ebcb3661336f1d72cd9d5798f524","1","1","No"
"0x0d9e237f8e89531fa66df093e2bd39ef11765e7e","1","1","No"
"0x5f7fd7cb84a90a1799c61deefe194b4fc778fff5","1","1","No"
"0x62608acbfb4a571c9a86b8204496bae3982c265c","1","1","No"
"0x13fec67da1cc769fe7293ceeb7a5a483424d0d17","1","1","No"
"0xaa1ad4784c1f3099447d85e97aa551614bcf601c","1","1","No"
"0xd8dea87ddcc0c3c1464ded6102e4d3e829d0ae41","1","1","No"
"0x2245be89fc8fab94ed982e859aa3212a4e4eb7e5","1","1","No"
"0x0ee951bc9d1b10afbf073bf246cce7d14346f652","1","1","No"
"0x6b3de22ec227d168dfaee06f1fc629b49eb73e60","1","1","No"
"0x8e39060218bfd0463c4893949be0a19c8bd90daf","1","1","No"
"0x7a0f28264e889142311cb6a517ac5c2294c7d673","1","1","No"
"0x46ac0c9c530dc960a4df75b20b594fba243e5b7c","1","1","No"
"0xbd2f62fb5a4287549db9a1af9278fb78cbbed6a8","1","1","No"
"0x4eae801c4038cb5fd4e428febc9b0f357413591b","1","1","No"
"0x7c59fe436b97de2b6df05d696a2d8562506d1c74","1","1","No"
"0x1fc550e98ad3021e32c47a84019f77a0792c60b7","1","1","No"
"0x2babe76345d7eb15f6a1c0cddba04d8ee44491d5","1","1","No"
"0x0f0d49fd19ee4a83455d414f79de823bed0b4351","1","1","No"
"0x1c67ca825f6ccee24a7d7136f7f1a9a1df03738c","1","1","No"
"0x998cf04333527d2994eb05f034649fb5e0eeab5b","1","1","No"
"0xd5c196b5b67e624738d85ab5a98534e68fd2c88e","1","1","No"
"0xb3cc5f223b795d17e0dd6f3daff06c13f47354e4","1","1","No"
"0x3db3d58e2270f8dbd181e9639d59ffba98422338","1","1","No"
"0x157e5338737e8d9dc434f720eeb143719b44b059","1","1","No"
"0xca3acdc2abb3040ca56e885af3d10ee667dc1ae8","1","1","No"
"0x564fc5027be63048121d54608cabf441e1f63473","1","1","No"
"0xafba1acc74aa89d638612e57aa4a9c60cae7c1c8","1","1","No"
"0x37f3e839e80b7d0bfa7c1b0f8ec0f7b7f111ece3","1","1","No"
"0x5c3a9dbcfda0dadb8585ee2ef2f9a4b074d3e625","1","1","No"
"0x40b0e35692669611630d92d88807129ef0ce1d68","1","1","No"
"0x0419395ef65947b74ad9ccd1a9753251e72e411b","1","1","No"
"0x54cf1c30105cba99668049b1f46f28852d0202b6","1","1","No"
"0xd1f0d3afe14525812ca4446305fe3a86245ccace","1","1","No"
"0x6d25eb10bc4d5dd9e596f2a5cc1e14923f47e190","1","1","No"
"0xc69c9012c4acf6ba870b3c3d5cb7ddc001d53700","1","1","No"
"0x5623a122dbf37715bee2e164dcc930e3ee80e2fd","1","1","No"
"0xc54570b8eb8138ace95132b944b7b6bb391976dc","1","1","No"
"0xb817c854793d34d5ad60b81c12de773b32d91aa4","1","1","No"
"0x670455079de6f6b64ef6dae8057728ec62689ef8","1","1","No"
"0xf3f49dd68586335ee3b01a86368043508c962c2a","1","1","No"
"0xaa0b4c0fd96dc3cf26ab94403d4e9a062d15fc56","1","1","No"
"0xfc3551f3b51f27ca60efb25f45ed95d4e80e7071","1","1","No"
"0xdc826ac58a5fa9f4f35aad8ad6b679fa2f9fd6dd","1","1","No"
"0x55918e3e21e96f857b63f7649dac10fad68c3edb","1","1","No"
"0xd659e43c92d60ca7bc9eeaaa1db67f23d76bf4d8","1","1","No"
"0x335c0552eb130f3dfbe6efcb4d2895aed1e9938b","1","1","No"
"0xc6c5ce4966d67ff3402c170f7d158f906d83b4f5","1","1","No"
"0x7c02ce27678773951b3c08ed97b59d7067952bb1","1","1","No"
"0x7788be2156cea3a7fc85d65c84b91921c53f6ebe","1","1","No"
"0xe7ae2a7dfbe9e7c154bea9140128b8d85840f17e","1","1","No"
"0x727b7e1a6833efb40ec24005203bcca4d2b3852d","1","1","No"
"0x7e3df0b5845db3591872dbc92eb85d821adec75d","1","1","No"
"0xe167b5d221a3161f02c9470f043a46deb4516556","1","1","No"
"0x91d2931a1223775dafbfef2f30c0a21090e1d506","1","1","No"
"0xd0393f9ea6df807393166a00c35aa5ad5daad7b3","1","1","No"
"0x13b592251551b7c059f5dc0ee0c36e07968d2fd0","1","1","No"
"0x825358490e46439eb485245c2b38882f1518d926","1","1","No"
"0x984a69a51f06044e6b79294c652fae499b333f49","1","1","No"
"0xec561dd73346f761d1c09f46999bc8ea1b1e95a2","1","1","No"
"0x7cdd33ec534fd8f270c002ef9db3b34f7e4ccaf3","1","1","No"
"0x40ff38496e4d7af91a737d0384c4840a54a6b877","1","1","No"
"0xc8f785a090aeb400ca34db38d3447ee744e70e82","1","1","No"
"0x732ecfcce7dc7eb80059b7c7fb20775fa15a01b5","1","1","No"
"0x06f65d4a643940d104eb608bf47b64ace9e4b60c","1","1","No"
"0x6bed1c32947e43ab17bd187579d78c68b44b832c","1","1","No"
"0x942fec89e62c34ecfb26694654bec567fbdf68b5","1","1","No"
"0x3cc04875e98edf01065a4b27e00bcfeddb76cba8","1","1","No"
"0x2c57372149b9e426f091dc01a52734e68f6fc71c","1","1","No"
"0xe79cae52c529b371427b621f4a7537a0edf92c57","1","1","No"
"0x5513d4efd95a19aef075278d4189d042332af440","1","1","No"
"0x10e31ad236c3474e2fdfae02620279f2d0f4e31f","1","1","No"
"0xfa8a4475ae934afd11b68eceb73796855db54c62","1","1","No"
"0x6786939a63acf04b5ea7ab42178a30e1453f7453","1","1","No"
"0x2a03278590cd1962de28f9abc855cf3774fe3eb6","1","1","No"
"0xa58793bfff1abffc78b369af1762de88c2aa62cb","1","1","No"
"0xfab738889b445d589f85727c05fcb16c935b19be","1","1","No"
"0xd5e089906d0c759f27403f3db7ae76007ca09dad","1","1","No"
"0x39b23dec93995a60f21d771aec3a5a1fbf2e646b","1","1","No"
"0x42b128db6dd6c3fe90843c5e3d58061d8d9c6785","1","1","No"
"0xd90dd28f43f21e5416c36e6e0e7ccb4d50f3186e","1","1","No"
"0xd65ad2583d6b1037445cc78011f39d9daf0d7c5a","1","1","No"
"0x2eff1def3299e0a96c37406e6c4f0261ec29b805","1","1","No"
"0x446ccd4633512f321b400cf89c1877f8307f6c26","1","1","No"
"0x2c41ac46dbf706dc7be77dc45d759a5cc1275537","1","1","No"
"0x62d51fa08b15411d9429133ae5f224abf3867729","1","1","No"
"0x7f202a4b8cdb2176cd64e55f3db3cbf5c7d2cf6f","1","1","No"
"0x571836bc0103d355c879064612eee9c5941041fd","1","1","No"
"0xd0c5a28fbc2fd0c5a9439e3903f085620236d18d","1","1","No"
"0xc9930c8e4055bd5f4619dc345d142e7b814ff655","1","1","No"
"0x649b16bb9d3dffef9a53761d8999692ee00203d2","1","1","No"
"0x776b913480d4326430f52f58b16ddf67eeb08deb","1","1","No"
"0x47087589b860c15e79ad63606d350ed6195abd44","1","1","No"
"0x5b58495ecc5ec13c66f405dc862c4505576a2a30","1","1","No"
"0xaa13905714dc09e1c51926869ddf2f3f2f1f3133","1","1","No"
"0x17fe4ed21e35b5ad800179b0c20447ca3f5280db","1","1","No"
"0x4adaf96274d80e3048d68a183450a521544d18d1","1","1","No"
"0xdee96105de27c6f47a610fba6b700b22abb26c04","1","1","No"
"0xbf861d09615543c419c749ea8cbeb720e3b3e3ad","1","1","No"
"0xfb0cc36f27a28cc19c86c156091e2bee7b2f6b69","1","1","No"
"0x566e3171b980dcd041ec0696e10c73fef191dcfd","1","1","No"
"0x04ecaede106078c2948534c5fdf128941c7fb638","1","1","No"
"0xe513071382bb49208616fe18455dc4bc17ed72a1","1","1","No"
"0xea173f401253436102da7a77548fc99322bd76b8","1","1","No"
"0xceb6b806d44fe2806d2761b97dc8b618ba99c4fc","1","1","No"
"0x1efb3038de631cfce0c0a231952c6b90d5d9cfe5","1","1","No"
"0xf9abe3d036ceb4cb3c6416ef1c7bb2a18b34f167","1","1","No"
"0xdb9718552f6b5a06422d7ce790a0f47241178753","1","1","No"
"0xfd380116921b619eacdd9d369a53d05f1bfef809","1","1","No"
"0x0ae3e9b076f0fa63a818e73e6b44231908629a9e","1","1","No"
"0xebc515b84cd14612880c45c01ab91efedd281c0f","1","1","No"
"0x907b3ef0a1d3cbe24f384c10bd0b0c513c000004","1","1","No"
"0xfccba075a3f25208439e8f1a9e00a87fb861e248","1","1","No"
"0xf6b2bd487b5a3e11de0e56876d5c057539bde1ed","1","1","No"
"0x4a46047e56b571c3f4423dc6fb656d752068eba5","1","1","No"
"0xd0b62bb20107059a2a6f7e17707b79c68794c22a","1","1","No"
"0xfac3b02a7733aea42086ca399c6f87b16eda13f3","1","1","No"
"0x3d0a2283c1dc5e21fc98ba898de6d841bf7faac9","1","1","No"
"0x2338b6d67fef2920b0089762cf6a262a4de0b3f2","1","1","No"
"0xcd27dee046b3ce3703c238ebc4655fb6fa1dcce1","1","1","No"
"0xb3f66c81ee6f82730ebe57ca1a3bdd638dde5bba","1","1","No"
"0xcc6451e3cc564f15fa9f048c63eccf6601b78583","1","1","No"
"0x4be38baf7ec0409034b29ced38bb18c0d27ce8ed","1","1","No"
"0x976b78e6c3c9f331905142daa5489f057315105e","1","1","No"
"0x57be096d117df480428b01134992ef450cd43040","1","1","No"
"0xdb0a5cc324ad9c6fcbf14e2ebeae92625d3001d2","1","1","No"
"0x10a1bb165c3c1a8aeeeccacfbe133777e2e169ca","1","1","No"
"0x31fb4258f56a8710b6857d149cd4bd7c82fe6f4b","1","1","No"
"0xc6a3f463806fec72df9d2ab68142f898c898a862","1","1","No"
"0xf86a530eda5e32d4537f3026ef16c77dd75ad4b2","1","1","No"
"0xfada2f3454a860a9468b55172d94de627283e7cb","1","1","No"
"0xe0f2ae48c2e29e9a7be3bca0f7b1c2eac6ab3f59","1","1","No"
"0x04cbe08410f88889a931c2d9d3357c033a46a412","1","1","No"
"0x5f55fc351d37ce31d707ec4612cc39f5e9838d54","1","1","No"
"0xef89e95c889f349f8ae3c226d87c94a96f6a9bfc","1","1","No"
"0x53ff1260845c449e03f21e4da481a010a61bc526","1","1","No"
"0x187f7311a58baa258855fd190071411110d685f0","1","1","No"
"0x546911aa23511b9b023d4cfa2d97b82f4d423a71","1","1","No"
"0xb8a48b0b7326d422662f79f8ef07e417b1d32eef","1","1","No"
"0xef7d8e1fb3daac06eba0e9127ea3d17b1dbdff54","1","1","No"
"0xf5b37fe85935d73e69301eb37368cdaaeaeba57d","1","1","No"
"0x4ab70e6072bc043f86856efdc8f30b2bb65bb5dc","1","1","No"
"0xc32b7438b3df7844c9ee799930a2224fe6e26426","1","1","No"
"0x6d987f49a9407707a3a98c9eeeaf6e8abd7fcc31","1","1","No"
"0x45a7b69a522c5ecff77ad3540b901af59af12f3d","1","1","No"
"0x06922ff3f6720596d19822fd28d4691209559803","1","1","No"
"0x2e7796a8cf69b458a79963b35545f1744e682fec","1","1","No"
"0xb7578ff1218551ce37d731dd66a811daccabd1b2","1","1","No"
"0xe78361eefc7d8c68cfddd62d7960ff9a8dc6575a","1","1","No"
"0xee9ca24fb62bfc021e1a46e09e1c1cbecd3341b5","1","1","No"
"0xa7ce3afb4ca212c93d2b11f085e88d529bdd98c9","1","1","No"
"0x6058f8e21d7d736b574e80c2b57e73fdf360bae0","1","1","No"
"0x47d228fb786bb14117625147f1055638f46b6893","1","1","No"
"0x6fb5fcf6170ef0331c3f7f79a5792e0c5735d5e8","1","1","No"
"0xeccc5e77cd1ebb061a7fc43fab27b27aec37c294","1","1","No"
"0x7b9044d2862e1bcf5212f9d41583c291cd5419f6","1","1","No"
"0xbd6f5bdc401ab1ca811e40755f4a2ddad75ce2cc","1","1","No"
"0x4254c53fc3b3b38df025ea30bcae410e11bb95b6","1","1","No"
"0xfcb30fa7271c4adedaf1da5c0339e023c5892e3c","1","1","No"
"0xad000a2c307df8a02f1f5c187e1602ac983a4be9","1","1","No"
"0x438e1879c38b92e235e9791e13972d6c742c7038","1","1","No"
"0xe5d2f68665a8f8d21b6188d1e455f4e14db6a469","1","1","No"
"0x0ecddcf41754360ab129d7ca4c8abf220f9c32bd","1","1","No"
"0x3b6732ac68fcb127f3c1cc988c4e5b356588d988","1","1","No"
"0x4254419739ce5ea3fb4140357b2baa71357d14d0","1","1","No"
"0x3563fb742db8ae3be7764a464c8cb7c426195596","1","1","No"
"0xa0cb49b51a8178f6028dadbfd4402b4c1e080eb9","1","1","No"
"0xd72ffc82ca03ff0834e163771b297c608f6b52ee","1","1","No"
"0xc5b41fb105883bcd59ceef072b5b6bdbc5df31da","1","1","No"
"0xfc4c4f751e3df17b8aa0c3200d51908a90de1995","1","1","No"
"0x33badc17296e5b45fec1230ccb930fa24674affb","1","1","No"
"0x2bfe66759f0331066f3e7d57b3dc9a96bfc17927","1","1","No"
"0x63a3bf655377e20f316261b83737b7aa68ed50b0","1","1","No"
"0x296e0c21db4061ebf971e55d5db85011e7ff9797","1","1","No"
"0x940ea03a1c05e7cf1451ad07fefec116eb19ab68","1","1","No"
"0xc00faaed03a511723e9a1c1b5d5a1f6b6e30f3cb","1","1","No"
"0xdda42f12b8b2ccc6717c053a2b772bad24b08cbd","1","1","No"
"0xeb18c95d461b49000084016a2ff5a07a735d1768","1","1","No"
"0x07a9ee7842552e6cc924d9cc7590d8f82df7078e","1","1","No"
"0x44ef4e21490d454d2d9e2b5fc32b74c384d51744","1","1","No"
"0x080c9b708588c103034f22898212164f45eec1a8","1","1","No"
"0x841ad0abab2d33520ca236a2f5d8b038addc12ba","1","1","No"
"0x66fd1b1e8b9e49a8e3897b2803c50674799c9afd","1","1","No"
"0x31ecb0819346edd4ac31e2c3adacd6629e411a78","1","1","No"
"0x5e190617c7cfb30c3c87dd55920e117280d3f8e6","1","1","No"
"0x3ae0e9a6b67a9ca5cf2f42a0b3266b2098d399ab","1","1","No"
"0xc8f0dbb99998ddd20d15d6cc05e1a4225199732f","1","1","No"
"0x05211b706bce6a569d556faa5821237464f33001","1","1","No"
"0xecd11d4a67c0978fe6821db405e9d5214d9996c4","1","1","No"
"0xd88f8e62c6a0a193d9f920c04b3a7c778ef32381","1","1","No"
"0x76026590f8164f5f3d305eaec336d0c0c46e2fe3","1","1","No"
"0xf14729358c35e7a024639ea97aa991b2d577dad5","1","1","No"
"0x005a3e49af2cf567d655c6ccb3e5982e1d55e72b","1","1","No"
"0x76fa5876ecef7cecfbe8f94566a1e7252c20bf39","1","1","No"
"0x45c8cdae08b5c8630673a73ff9301fbded9cae84","1","1","No"
"0xd9edeb614df54f8ee80a080051f55b9f4f582926","1","1","No"
"0x562bf1b67dc40d9b7c3ddd49e45ae58e61e1b76e","1","1","No"
"0xf06f09c65635ea3db2f6255cabefcc11d28f2ef2","1","1","No"
"0x76363226b9e31b78c2077ecea78f440d81299f39","1","1","No"
"0xf918c679fae9e6dafa3d29a62e28f36f1661d279","1","1","No"
"0xfb5430dfae3ebfdbba9217f1f91737f37047930d","1","1","No"
"0x900d1719363e97176cbe2274cc4483245ad3270e","1","1","No"
"0x97ffe6e22bb6436b90a7b452899fbe6f2a78dd2c","1","1","No"
"0x728c4225d8ee8f9cb3dba1577bbf0bf98996ef17","1","1","No"
"0xb7562f12e41c762cecda99d62bd6eac7b0c3b4c1","1","1","No"
"0x4667fafb8fb809581fefcc6694d9225ef9afa775","1","1","No"
"0x57e1edec286676f45aa020dffd45e6ee6501847b","1","1","No"
"0x222988f898b6eba86a7c0bf331be672d49534834","1","1","No"
"0x4391522a1cb89b3d9829697bf2167a1f73b93ef7","1","1","No"
"0x00645dd21310882cc32399abcb54e0a05b3b5d1d","1","1","No"
"0xa1e91a4cf28f8c098c7bab3093734ad38b89f278","1","1","No"
"0x0b2df028c26ba1f58e6ea282b2a1d515d99ae282","1","1","No"
"0x190460f94203ab29bc401ba9e7893276621847e4","1","1","No"
"0x396ae68e4526f1f46245283a066c912d4d4fd24e","1","1","No"
"0x4abc33cf81e0d21f42168d044f7002edd6b80b09","1","1","No"
"0xfd0101d908bf7e4a03168b6e90aa7f1e70606225","1","1","No"
"0xb9581d8311cc3b9e677af6b0c55f1b93b69ad6f6","1","1","No"
"0x3a6b7cdaef5d67fed5d470c94006c2197924f1c1","1","1","No"
"0x87d9c2d9990a9f3a18f1377ff20d9945f9eb3792","1","1","No"
"0x4ec6722c8be6ab9a8c9e344d961086a3268b1128","1","1","No"
"0x4be6c75d1690bea86666a76d3779ce98f059ba36","1","1","No"
"0xe713ce9e3b98c9fa580fc3b6ec3ac850622b5146","1","1","No"
"0x8e5e01dca1706f9df683c53a6fc9d4bb8d237153","1","1","No"
"0x55040be8471b5dab774dfb6911a5e38ee085ae34","1","1","No"
"0xbf62319147a6fb8dcb9bd907b890195be6929222","1","1","No"
"0x6b1009e2bb8ee7f36c21f5f38f4f25f1b79bc02d","1","1","No"
"0xd2b105c24f7ff289e64e044837f6e308740d10a2","1","1","No"
"0xbb466a24d7cbbfe9c038483dc976dbd7574ebc9b","1","1","No"
"0x546f02de01727952b0999481834efcb6a93c4e84","1","1","No"
"0xbf8641831d15c2701ba122981c3d7a6a2533ea48","1","1","No"
"0x4ab3d7f4c46e511ca09eecdac483e43ed96bd7aa","1","1","No"
"0xb1fc5d0229bb10310d25bad8a0cd7f7b4cae42f7","1","1","No"
"0xf20349cc08ce0fd2f4d13b14346cbc000cdbc71e","1","1","No"
"0xcffe08bdf20918007f8ab268c32f8756494fc8d8","1","1","No"
"0x856b63349fb6c818ea7cd7305483ae0ef6956f6c","1","1","No"
"0x6a2e363b31d5fd9556765c8f37c1ddd2cd480fa3","1","1","No"
"0x8fead6cb99fcf391352f25eec7baf451a1e037a3","1","1","No"
"0x6439c7dba472ce5ada4d9c2c595a6bc7dc610185","1","1","No"
"0x8aee63ac20106c0a488d69647931f3c53147368e","1","1","No"
"0x2f939830659501a06f5cbf54d34f27f4fda7a1d8","1","1","No"
"0x6951bec32b306d7d0a89b3c52067697e68357477","1","1","No"
"0xf90a01af91468f5418cda5ed6b19c51550eb5352","1","1","No"
"0xbb50690db3897ca5b1f63cff6e0c061b93f9bfbd","1","1","No"
"0xd60848390bd1966ec2981b1af79319064ac46784","1","1","No"
"0x10eafa0df89eec3d6c7daea9c2034c1eaaa20331","1","1","No"
"0xc7b060256672c77466bd88714f435bfa8344ecb8","1","1","No"
"0x62095bd48442e556e92df62b2d5e274f02a1c447","1","1","No"
"0xe1ec1a31d34ecd0f5859a695b9802ace2f843142","1","1","No"
"0x97453a0b667cc52b52ad829b467b8054faf258bd","1","1","No"
"0x96b1f9e7b7953001733e8bbd862f9e8ae8a8a1fc","1","1","No"
"0x1c3c738f21f2e9d6efb2c38728d4e7c20fbb1d7a","1","1","No"
"0x4c839752527d405c60a519a477bc423c96e823a6","1","1","No"
"0x06f2ff4ec3051b1778c0260d12e071c4a344b7a2","1","1","No"
"0xda64c16acfe6c0efa24e4337e2124646c8a0eea2","1","1","No"
"0xf1e76bd9d7cf614997e06ef328b94d08ba3c4fad","1","1","No"
"0x435b7d470767cb121f37dd296b2ac7913fdf5427","1","1","No"
"0xaf3d3a62439a4f608e6ccefe7eb8b3088e723d7b","1","1","No"
"0xfdb714222de5bfd1fb0571b22878a52488c46538","1","1","No"
"0x643430283b19fa5bd70a1138b495c2b43523cdd5","1","1","No"
"0x45383971bfea7d568c5fc73c5f66b9a2e5d2fc28","1","1","No"
"0xc64844d9b3db280a6e46c1431e2229cd62dd2d69","1","1","No"
"0xb2d304c84e020bfb5dce3157441f70e0edace84b","1","1","No"
"0xafcb09054d433b8b433c389b5b32d038f5360e69","1","1","No"
"0x7388878b62719a9238479e7da1937b778f06af0b","1","1","No"
"0x9f56c8c3146fe954382c9706e94b0d826f1f5f3a","1","1","No"
"0x4f942119e6ab0a6e4368e795d1d64291a3ff0da4","1","1","No"
"0xebe1bbb18335bec74427c74dac4cfbe685c7dcff","1","1","No"
"0x12404e3205b6205dfb9d4b98c7b9c764b0b62222","1","1","No"
"0xa3da7b05bf56a6b090f21b0513316851ddf839a8","1","1","No"
"0x1e6127d4716c3ac3b3a2b005631c1c541c13d120","1","1","No"
"0x2a8600bbdaab254a2f8a8e00912799295c3dd601","1","1","No"
"0xf249f23b79825188ae717ab5f7e4fe22d158a93a","1","1","No"
"0x7cc696a7734f459d55d1b4d716b1f56416f0c21f","1","1","No"
"0x5fa9b5b9cde9a7d7f27e61522da3b2dd728e1ab4","1","1","No"
"0xd94e1c5376665a9b18ab93542d38005c36d64790","1","1","No"
"0x14f12e80add26c2824f5c84487886b43e9fd7075","1","1","No"
"0x21606ee18fc1c9b398c25f56e98e6035ab434299","1","1","No"
"0x2c3021bbbe1a8d50c200f9489b557377ebecdf9a","1","1","No"
"0x992fa1f4459042e59734c4e38bec152ff119ecdb","1","1","No"
"0xadfda5e88d3642219427dc8278029b17a7df5ce0","1","1","No"
"0xf9022e7d74cd05191e4814f1799db638a0025862","1","1","No"
"0x39fe5f40d7c0418a284b9835bd93415759ff8e21","1","1","No"
"0xd920b68db744cbdf5bc8f63b6b2bd560292aab5d","1","1","No"
"0xfbdc0e9522c9d8d40438d2c247bfa43dd5915864","1","1","No"
"0x11414661e194b8b0d7248e789c1d41332904f2ba","1","1","No"
"0x14d1f69952f0939c16f00d68ea2c3f040c4217a6","1","1","No"
"0x0c1e99991dd2f7d374bff13f9f52284ce6cfdae5","1","1","No"
"0xc94b225354f8c9c340758c9fea5adca0387e5a68","1","1","No"
"0x4060914d070dd6d15bfacb136a46f24022338e40","1","1","No"
"0x6cd68e8f04490cd1a5a21cc97cc8bc15b47dc9eb","1","1","No"
"0x2a08325ad00da971cb66a5e9e04ad3529b8f59ab","1","1","No"
"0xe741f716049de5514e8304b1c666ee2b18f7027e","1","1","No"
"0x7d8cc59c0053f45253c287f3f422c5415739da04","1","1","No"
"0x14a3f35bc1872e46b6c4308627a884fb75d52acc","1","1","No"
"0x7ac34681f6aaeb691e150c43ee494177c0e2c183","1","1","No"
"0x63d45f767a98f17ddc2f55171022692550602b64","1","1","No"
"0x736dde3e0f5c588ddc53ad7f0f65667c0cca2801","1","1","No"
"0xa362a6b387a80180286ef40d8e6ec6ca2657a9fa","1","1","No"
"0xc887fadc6baaa8cd234d9104a65b37265522b024","1","1","No"
"0x1332f3755f48a9c7f618681ae3bdbe618ddf65d9","1","1","No"
"0x8fbc89b8d9ed06f9454b8bd45277e64e1977693e","1","1","No"
"0xbef089c8744c6405e334d978e6f794445b65ca64","1","1","No"